Workbook

Sheet Summary
M1: PCB should-cost report
B2: 360 DEGREE CAMERA PCB
B3: Should-cost summary · per board
B4: Build: China · Volume: 250,000 boards/yr · Basis: delivered UK, duty paid · Prepared: 06 Oct 2026 · Currency: GBP (£) · Automotive camera board
B8: DELIVERED / BOARD | E8: EX-WORKS / BOARD | H8: LIKELY RANGE | K8: ONE-TIME NRE | O8: Range low | P8: Range high
B9: ='Cost Breakdown'!D21 -> 15.26 | E9: ='Cost Breakdown'!D18 -> 14.72 | H9: ="£"&TEXT(O9,"0.00")&" – £"&TEXT(P9,"0.00") -> £12.59 – £19.27 | K9: ='Volume & Notes'!F32 -> 16200 | O9: 12.59 | P9: 19.27
B10: China build · UK, duty paid | E10: China factory gate, packed | H10: Low confidence · see To verify | K10: PPAP · FMEA · DV/PV · audit — not in unit cost
B12: Cost composition | H12: detail on the Cost Breakdown tab
C13: Cost element | E13: £/board | F13: % of total
B14: ■ | C14: Components | E14: ='Cost Breakdown'!D9 -> 12.7 | F14: =IF($E$21=0,0,E14/$E$21) -> 0.83224115
B15: ■ | C15: EMS material burden | E15: ='Cost Breakdown'!D10 -> 0.64 | F15: =IF($E$21=0,0,E15/$E$21) -> 0.041939712
B16: ■ | C16: Bare PCB fabrication | E16: ='Cost Breakdown'!D11 -> 0.27 | F16: =IF($E$21=0,0,E16/$E$21) -> 0.017693316
B17: ■ | C17: Automotive grade | E17: ='Cost Breakdown'!D12+'Cost Breakdown'!D15 -> 0.32 | F17: =IF($E$21=0,0,E17/$E$21) -> 0.020969856
B18: ■ | C18: Assembly & test | E18: ='Cost Breakdown'!D13+'Cost Breakdown'!D14 -> 0.65 | F18: =IF($E$21=0,0,E18/$E$21) -> 0.04259502
B19: ■ | C19: Energy, packaging & other | E19: ='Cost Breakdown'!D16+'Cost Breakdown'!D17 -> 0.14 | F19: =IF($E$21=0,0,E19/$E$21) -> 0.0091743119
B20: ■ | C20: Freight & UK duty | E20: ='Cost Breakdown'!D19+'Cost Breakdown'!D20 -> 0.54 | F20: =IF($E$21=0,0,E20/$E$21) -> 0.035386632
C21: Delivered per board | E21: =SUM(E14:E20) -> 15.26 | F21: =SUM(F14:F20) -> 1
B23: Top cost drivers | D23: all lines: Bill of Materials
B24: # | C24: Line | E24: £/board | F24: % of total
B25: 1 | C25: Image sensor · needs a quote | E25: ='Bill of Materials'!I19 -> 4.642925 | F25: =IF('Cost Breakdown'!$D$21=0,0,E25/'Cost Breakdown'!$D$21) -> 0.30425458
B26: 2 | C26: Li-Ion and Li-Pol Charger IC | E26: ='Bill of Materials'!I17 -> 2.097758 | F26: =IF('Cost Breakdown'!$D$21=0,0,E26/'Cost Breakdown'!$D$21) -> 0.13746775
B27: 3 | C27: FPD-Link III Serializer With CSI-2 Interface | E27: ='Bill of Materials'!I13 -> 1.874317 | F27: =IF('Cost Breakdown'!$D$21=0,0,E27/'Cost Breakdown'!$D$21) -> 0.1228255
B29: Key facts | G29: To verify
B30: Board | D30: Automotive camera board | G30: • Low confidence — likely £12.59 to £19.27 per board.
B31: Build country | D31: China (Shenzhen / Suzhou) | G31: • 1 line of £1.00+ priced from a range, not a quote (£4.64): see "Quote" on Bill of Materials.
B32: Annual volume | D32: 250,000 boards
B33: Parts list from | D33: BOM image · 11 lines · 80 parts
B34: Size | D34: 20 × 20 mm (estimated from the photos)
B35: Layers | D35: 8
B36: ISO 26262 | D36: ASIL-B costed
B37: Price engine | D37: Deterministic — the AI never sets a price
B39: What this tells you
B40: • 3 lines carry 56% of the board: Image sensor £4.64; Li-Ion and Li-Pol Charger IC (BQ24025DRCR) £2.10; FPD-Link III Serializer With CSI-2 Interface (DS90UB935-Q1) £1.87. These are the quotes to get first.
B41: • Components are 83% of the board (87% with the EMS material burden); bare board 3%, assembly and test 5% (each with its automotive grade). A should-cost discussion on this board is a component-price discussion.
B42: • China (Shenzhen / Suzhou) is the lowest delivered cost of the 14 countries compared.
B44: Not in this unit cost
B45: • One-time automotive NRE (£16,200 — PPAP, FMEA, DV/PV, audit) is not in the unit cost; see Volume & Notes.
B46: • Stencils, test fixtures and programming are inside the EMS price, spread over the order (no separate tooling line).
B47: • Tier-1 / distributor margin above the EMS price, and the enclosure, lens and cable of a module, are not in this board cost.

Sheet Cost Breakdown
H1: PCB should-cost report
B2: 360 DEGREE CAMERA PCB
B3: Cost breakdown · per board, ex-works and delivered
B4: Build: China · Volume: 250,000 boards/yr · Basis: delivered UK, duty paid · Prepared: 06 Oct 2026 · Currency: GBP (£) · Automotive camera board
B7: Cost stack per board | E7: China (Shenzhen / Suzhou) build · delivered UK, duty paid
B8: # | C8: Line item | D8: £/board | E8: % of delivered | F8: Share | G8: £/year | H8: Basis
B9: 1 | C9: Components (as the EMS buys them) | D9: 12.7 | E9: =IF($D$21=0,0,D9/$D$21) -> 0.83224115 | F9: =E9 -> 0.83224115 | G9: =D9*$D$25 -> 3175000 | H9: 11 BOM lines at China (Shenzhen / Suzhou) sourcing — see Bill of Materials
B10: 2 | C10: EMS material burden (5%) | D10: 0.64 | E10: =IF($D$21=0,0,D10/$D$21) -> 0.041939712 | F10: =E10 -> 0.041939712 | G10: =D10*$D$25 -> 160000 | H10: Procurement, inventory, scrap and margin on material — stated rate by volume
B11: 3 | C11: Bare PCB fabrication | D11: 0.27 | E11: =IF($D$21=0,0,D11/$D$21) -> 0.017693316 | F11: =E11 -> 0.017693316 | G11: =D11*$D$25 -> 67500 | H11: Fabricator price: base, layers, finish, vias, set-up — see Board & Assembly
B12: 4 | C12: Automotive fab grade | D12: 0.14 | E12: =IF($D$21=0,0,D12/$D$21) -> 0.0091743119 | F12: =E12 -> 0.0091743119 | G12: =D12*$D$25 -> 35000 | H12: IATF 16949 line, automotive laminate, class 3 inspection, coupons
B13: 5 | C13: SMT / THT assembly | D13: 0.26 | E13: =IF($D$21=0,0,D13/$D$21) -> 0.017038008 | F13: =E13 -> 0.017038008 | G13: =D13*$D$25 -> 65000 | H13: Placements and joints at the country line rate
B14: 6 | C14: Test & inspection | D14: 0.39 | E14: =IF($D$21=0,0,D14/$D$21) -> 0.025557012 | F14: =E14 -> 0.025557012 | G14: =D14*$D$25 -> 97500 | H14: AOI, X-ray, ICT (station time + fixture over the order)
B15: 7 | C15: Automotive assembly grade | D15: 0.18 | E15: =IF($D$21=0,0,D15/$D$21) -> 0.011795544 | F15: =E15 -> 0.011795544 | G15: =D15*$D$25 -> 45000 | H15: IATF line, class 3 workmanship, serialisation
B16: 8 | C16: Energy, packaging, cost of quality | D16: 0.13 | E16: =IF($D$21=0,0,D16/$D$21) -> 0.0085190039 | F16: =E16 -> 0.0085190039 | G16: =D16*$D$25 -> 32500 | H16: Energy £0.01 · ESD packaging £0.06 · rework/scrap £0.06
B17: 9 | C17: Rounding (to the penny) | D17: 0.01 | E17: =IF($D$21=0,0,D17/$D$21) -> 0.00065530799 | F17: =E17 -> 0.00065530799 | G17: =D17*$D$25 -> 2500 | H17: Every figure is rounded to £0.01; this is the residual
C18: Ex-works cost (China factory gate) | D18: =SUM(D9:D17) -> 14.72 | E18: =IF($D$21=0,0,D18/$D$21) -> 0.96461337 | G18: =D18*$D$25 -> 3680000 | H18: Built, tested and packed — before freight and import duty
B19: 10 | C19: Freight to the UK | D19: 0 | E19: =IF($D$21=0,0,D19/$D$21) -> 0 | F19: =E19 -> 0 | G19: =D19*$D$25 -> 0 | H19: Sea at volume, air below 2,500 boards — under a penny a board by sea at this size and volume
B20: 11 | C20: UK import duty | D20: 0.54 | E20: =IF($D$21=0,0,D20/$D$21) -> 0.035386632 | F20: =E20 -> 0.035386632 | G20: =D20*$D$25 -> 135000 | H20: On components + board + assembly (customs value)
C21: Delivered cost per board | D21: =D18+SUM(D19:D20) -> 15.26 | E21: =IF($D$21=0,0,D21/$D$21) -> 1 | G21: =D21*$D$25 -> 3815000 | H21: China (Shenzhen / Suzhou) build, delivered UK, duty paid
C22: =IF(ABS(D21-15.26)<0.005,"✓ Matches the CostVision analysis total (£15.26 per board).","Check: the total differs from the analysis (£15.26) — a figure above has been edited.") -> ✓ Matches the CostVision analysis total (£15.26 per board).
B24: Assumptions
C25: Annual volume (boards / year) | D25: 250000 | H25: £/year scales the per-board cost by this volume (blue = an input you can change). The per-board cost itself was priced at this volume — re-run the analysis to price another volume.
B27: Components, bare board and assembly are supplier prices: the fabricator's and the EMS's overhead and margin are inside them, so no further overhead or margin is added. Ex-works = built, tested and packed at the factory gate; delivered adds freight to the UK and UK import duty.

Sheet Bill of Materials
L1: PCB should-cost report
B2: 360 DEGREE CAMERA PCB
B3: Bill of materials · every line and what priced it
B4: Build: China · Volume: 250,000 boards/yr · Basis: delivered UK, duty paid · Prepared: 06 Oct 2026 · Currency: GBP (£) · Automotive camera board
B7: Bill of materials | G7: 11 lines · 80 parts · from the BOM image
B8: # | C8: Ref des | D8: Description | E8: Part number | F8: Package | G8: Qty | H8: Unit £ | I8: Extended £ | J8: % of comp. | K8: Priced from | L8: Verify
B9: 1 | C9: — | D9: Ceramic Capacitor | E9: — | F9: <= 1206 | G9: 49 | H9: 0.018572 | I9: =G9*H9 -> 0.910013 | J9: =IF($I$20=0,0,I9/$I$20) -> 0.071654589 | K9: class range
B10: 2 | C10: — | D10: Ferrite | E10: — | F10: — | G10: 7 | H10: 0.043527 | I10: =G10*H10 -> 0.304692 | J10: =IF($I$20=0,0,I10/$I$20) -> 0.023991492 | K10: class range
B11: 3 | C11: — | D11: Common Mode Choke | E11: — | F11: — | G11: 1 | H11: 0.243754 | I11: =G11*H11 -> 0.243754 | J11: =IF($I$20=0,0,I11/$I$20) -> 0.019193193 | K11: class range
B12: 4 | C12: — | D12: Common Mode Choke | E12: — | F12: — | G12: 1 | H12: 0.243754 | I12: =G12*H12 -> 0.243754 | J12: =IF($I$20=0,0,I12/$I$20) -> 0.019193193 | K12: class range
B13: 5 | C13: — | D13: FPD-Link III Serializer With CSI-2 Interface | E13: DS90UB935-Q1 | F13: VQFN-32 | G13: 1 | H13: 1.874317 | I13: =G13*H13 -> 1.874317 | J13: =IF($I$20=0,0,I13/$I$20) -> 0.14758403 | K13: catalogue (distributor)
B14: 6 | C14: — | D14: Automotive Step Down DC-DC Converter | E14: LM53600MQDSXRQ1 | F14: WSON-10 | G14: 1 | H14: 1.313385 | I14: =G14*H14 -> 1.313385 | J14: =IF($I$20=0,0,I14/$I$20) -> 0.10341614 | K14: catalogue (distributor)
B15: 7 | C15: — | D15: 2.25-MHz Fixed VOUT Dual 1000mA/400mA Step-Down | E15: TPS62422QDRCRQ1 | F15: MSOP-10 | G15: 1 | H15: 0.818052 | I15: =G15*H15 -> 0.818052 | J15: =IF($I$20=0,0,I15/$I$20) -> 0.064413521 | K15: catalogue (distributor)
B16: 8 | C16: — | D16: 300-mA, Low-IQ, Low-Dropout Regulator | E16: TLV70233QDSERQ1 | F16: WSON-6 | G16: 1 | H16: 0.167778 | I16: =G16*H16 -> 0.167778 | J16: =IF($I$20=0,0,I16/$I$20) -> 0.013210899 | K16: catalogue (distributor)
B17: 9 | C17: — | D17: Li-Ion and Li-Pol Charger IC | E17: BQ24025DRCR | F17: VSON(DRC)10 | G17: 1 | H17: 2.097758 | I17: =G17*H17 -> 2.097758 | J17: =IF($I$20=0,0,I17/$I$20) -> 0.16517779 | K17: catalogue (distributor)
B18: 10 | C18: — | D18: Resistor | E18: — | F18: <= 1206 | G18: 16 | H18: 0.005223 | I18: =G18*H18 -> 0.083573 | J18: =IF($I$20=0,0,I18/$I$20) -> 0.0065805235 | K18: class range
B19: 11 | C19: — | D19: Image sensor | E19: — | F19: — | G19: 1 | H19: 4.642925 | I19: =G19*H19 -> 4.642925 | J19: =IF($I$20=0,0,I19/$I$20) -> 0.36558464 | K19: class range | L19: Quote
D20: Components total | G20: =SUBTOTAL(109,G9:G19) -> 80 | I20: =SUBTOTAL(109,I9:I19) -> 12.7 | J20: =SUBTOTAL(109,J9:J19) -> 1
B22: Reconciliation
D23: Lines total (above) | I23: =I20 -> 12.7
D24: Components row, Cost Breakdown | I24: ='Cost Breakdown'!D9 -> 12.7
D25: Difference | I25: =I23-I24 -> 0
D26: =IF(ABS(I25)<0.01,"✓ The lines reconcile to the components row.","Check: rounding between the lines and the components row.") -> ✓ The lines reconcile to the components row.
B27: The 11 lines (80 parts) total £12.70 — the components row on Cost Breakdown. Unit prices are the distributor price × 0.879, China (Shenzhen / Suzhou)'s component sourcing index. The EMS material burden (£0.64) is added on top on Cost Breakdown.
B28: Source: catalogue (distributor) = a distributor price on file; catalogue (estimate) = a dated engineering estimate; named-part range = the part is identified, priced inside its own range; function / class range = priced from the tool's table for that kind of part. Lines marked "Quote" are £1.00+ with no distributor price behind them — confirm with a quote.

Sheet Board & Assembly
L1: PCB should-cost report
B2: 360 DEGREE CAMERA PCB
B3: Board & assembly · specification, build-up and photographs
B4: Build: China · Volume: 250,000 boards/yr · Basis: delivered UK, duty paid · Prepared: 06 Oct 2026 · Currency: GBP (£) · Automotive camera board
B7: Board specification | H7: Bare-board build-up | J7: £/board
B8: Size | C8: 20 × 20 mm estimated | H8: Base laminate & process | K8: 0.01
B9: Layers | C9: 8 | H9: Layers | K9: 0.03
B10: Technology / HDI | C10: FR4 HTg | H10: Vias & drilling | K10: 0.22
B11: Finish · copper | C11: OSP · 2 oz | H11: Impedance control | K11: 0.01
B12: Vias (through / blind / micro) | C12: 115 / 0 / 0 | H12: Heavy copper | K12: 0.01
B13: Impedance control | C13: Yes | H13: Build-up items | K13: =SUM(K8:K12) -> 0.28
B14: Placements · BGA/CSP | C14: 80 SMT · 1 BGA/CSP · 2 reflow side(s) | H14: Rounding (items rounded to the penny) | K14: ='Cost Breakdown'!D11-K13 -> -0.01
B15: Panel | C15: 280 boards on 480 × 350 mm (67% used) | H15: + Automotive fab grade | K15: ='Cost Breakdown'!D12 -> 0.14
H16: = Bare PCB per board | K16: ='Cost Breakdown'!D11+'Cost Breakdown'!D12 -> 0.41
H18: Assembly & test | J18: £/board
H19: SMT / THT assembly | K19: ='Cost Breakdown'!D13 -> 0.26
H20: Test & inspection (AOI, X-ray, ICT) | K20: ='Cost Breakdown'!D14 -> 0.39
H21: Automotive assembly grade | K21: ='Cost Breakdown'!D15 -> 0.18
H22: = Assembly & test per board | K22: =SUM(K19:K21) -> 0.83
B24: Source photographs (3) | G24: as uploaded for the analysis
B35: Photo 1 · uploaded as "Top side" | H35: Photo 2 · uploaded as "Bottom side"
B47: Photo 3 · uploaded as "Close-up 1"

Sheet Countries
N1: PCB should-cost report
B2: 360 DEGREE CAMERA PCB
B3: Build-country comparison · the same board in each country
B4: Build: China · Volume: 250,000 boards/yr · Basis: delivered UK, duty paid · Prepared: 06 Oct 2026 · Currency: GBP (£) · Automotive camera board
B7: Build-country comparison | I7: each row: this board built there, delivered UK, duty paid
B8: Rank | C8: Country | D8: Components + EMS burden | E8: Bare board | F8: Assembly & test | G8: Other | H8: Ex-works | I8: Freight & duty | J8: Delivered | K8: Δ vs China | L8: Δ % | M8: Change | N8: Lead
B9: 1 | C9: China | D9: 13.34 | E9: 0.41 | F9: 0.83 | G9: 0.14 | H9: =SUM(D9:G9) -> 14.72 | I9: 0.54 | J9: =H9+I9 -> 15.26 | K9: =J9-$J$9 -> 0 | L9: =IF($J$9=0,0,K9/$J$9) -> 0 | M9: =IF(ROW()=9,"costed",IF(K9<-0.004,"cheaper",IF(K9>0.004,"dearer","same"))) -> costed | N9: 3
B10: 2 | C10: Vietnam | D10: 13.95 | E10: 0.49 | F10: 0.52 | G10: 0.13 | H10: =SUM(D10:G10) -> 15.09 | I10: 0.83 | J10: =H10+I10 -> 15.92 | K10: =J10-$J$9 -> 0.66 | L10: =IF($J$9=0,0,K10/$J$9) -> 0.043250328 | M10: =IF(ROW()=9,"costed",IF(K10<-0.004,"cheaper",IF(K10>0.004,"dearer","same"))) -> dearer | N10: 3
B11: 3 | C11: Malaysia | D11: 13.8 | E11: 0.57 | F11: 0.92 | G11: 0.13 | H11: =SUM(D11:G11) -> 15.42 | I11: 0.84 | J11: =H11+I11 -> 16.26 | K11: =J11-$J$9 -> 1 | L11: =IF($J$9=0,0,K11/$J$9) -> 0.065530799 | M11: =IF(ROW()=9,"costed",IF(K11<-0.004,"cheaper",IF(K11>0.004,"dearer","same"))) -> dearer | N11: 3
B12: 4 | C12: Thailand | D12: 14.1 | E12: 0.58 | F12: 0.79 | G12: 0.15 | H12: =SUM(D12:G12) -> 15.62 | I12: 0.85 | J12: =H12+I12 -> 16.47 | K12: =J12-$J$9 -> 1.21 | L12: =IF($J$9=0,0,K12/$J$9) -> 0.079292267 | M12: =IF(ROW()=9,"costed",IF(K12<-0.004,"cheaper",IF(K12>0.004,"dearer","same"))) -> dearer | N12: 3
B13: 5 | C13: India | D13: 14.4 | E13: 0.52 | F13: 0.73 | G13: 0.17 | H13: =SUM(D13:G13) -> 15.82 | I13: 0.86 | J13: =H13+I13 -> 16.68 | K13: =J13-$J$9 -> 1.42 | L13: =IF($J$9=0,0,K13/$J$9) -> 0.093053735 | M13: =IF(ROW()=9,"costed",IF(K13<-0.004,"cheaper",IF(K13>0.004,"dearer","same"))) -> dearer | N13: 4
B14: 6 | C14: Taiwan | D14: 13.65 | E14: 0.93 | F14: 1.76 | G14: 0.17 | H14: =SUM(D14:G14) -> 16.51 | I14: 0.61 | J14: =H14+I14 -> 17.12 | K14: =J14-$J$9 -> 1.86 | L14: =IF($J$9=0,0,K14/$J$9) -> 0.12188729 | M14: =IF(ROW()=9,"costed",IF(K14<-0.004,"cheaper",IF(K14>0.004,"dearer","same"))) -> dearer | N14: 3
B15: 7 | C15: Mexico | D15: 14.86 | E15: 0.8 | F15: 1.16 | G15: 0.16 | H15: =SUM(D15:G15) -> 16.98 | I15: 0.63 | J15: =H15+I15 -> 17.61 | K15: =J15-$J$9 -> 2.35 | L15: =IF($J$9=0,0,K15/$J$9) -> 0.15399738 | M15: =IF(ROW()=9,"costed",IF(K15<-0.004,"cheaper",IF(K15>0.004,"dearer","same"))) -> dearer | N15: 3
B16: 8 | C16: South Korea | D16: 13.95 | E16: 1.24 | F16: 2.72 | G16: 0.21 | H16: =SUM(D16:G16) -> 18.12 | I16: 0 | J16: =H16+I16 -> 18.12 | K16: =J16-$J$9 -> 2.86 | L16: =IF($J$9=0,0,K16/$J$9) -> 0.18741809 | M16: =IF(ROW()=9,"costed",IF(K16<-0.004,"cheaper",IF(K16>0.004,"dearer","same"))) -> dearer | N16: 3
B17: 9 | C17: Czech Republic | D17: 15.92 | E17: 1.04 | F17: 1.62 | G17: 0.22 | H17: =SUM(D17:G17) -> 18.8 | I17: 0 | J17: =H17+I17 -> 18.8 | K17: =J17-$J$9 -> 3.54 | L17: =IF($J$9=0,0,K17/$J$9) -> 0.23197903 | M17: =IF(ROW()=9,"costed",IF(K17<-0.004,"cheaper",IF(K17>0.004,"dearer","same"))) -> dearer | N17: 2
B18: 10 | C18: Poland | D18: 16.07 | E18: 0.94 | F18: 1.58 | G18: 0.21 | H18: =SUM(D18:G18) -> 18.8 | I18: 0 | J18: =H18+I18 -> 18.8 | K18: =J18-$J$9 -> 3.54 | L18: =IF($J$9=0,0,K18/$J$9) -> 0.23197903 | M18: =IF(ROW()=9,"costed",IF(K18<-0.004,"cheaper",IF(K18>0.004,"dearer","same"))) -> dearer | N18: 2
B19: 11 | C19: Germany | D19: 17.89 | E19: 2.14 | F19: 4.17 | G19: 0.33 | H19: =SUM(D19:G19) -> 24.53 | I19: 0 | J19: =H19+I19 -> 24.53 | K19: =J19-$J$9 -> 9.27 | L19: =IF($J$9=0,0,K19/$J$9) -> 0.60747051 | M19: =IF(ROW()=9,"costed",IF(K19<-0.004,"cheaper",IF(K19>0.004,"dearer","same"))) -> dearer | N19: 2
B20: 12 | C20: USA | D20: 17.44 | E20: 2.02 | F20: 3.95 | G20: 0.33 | H20: =SUM(D20:G20) -> 23.74 | I20: 0.86 | J20: =H20+I20 -> 24.6 | K20: =J20-$J$9 -> 9.34 | L20: =IF($J$9=0,0,K20/$J$9) -> 0.61205767 | M20: =IF(ROW()=9,"costed",IF(K20<-0.004,"cheaper",IF(K20>0.004,"dearer","same"))) -> dearer | N20: 2
... B22: 14 | C22: Japan | D22: 18.19 | E22: 3.53 | F22: 3.6 | G22: 0.35 | H22: =SUM(D22:G22) -> 25.67 | I22: 0 | J22: =H22+I22 -> 25.67 | K22: =J22-$J$9 -> 10.41 | L22: =IF($J$9=0,0,K22/$J$9) -> 0.68217562 | M22: =IF(ROW()=9,"costed",IF(K22<-0.004,"cheaper",IF(K22>0.004,"dearer","same"))) -> dearer | N22: 3
B23: Components include the EMS material burden. "Other" is energy, ESD packaging and cost of quality (rework and scrap at the country's defect rate). Freight by sea is under a penny a board at this size and volume, so it shows as £0.00; UK import duty is 0% where the UK tariff for that origin is 0% (trade agreement). Δ: + dearer, − cheaper than the costed country.

Sheet Volume & Notes
M1: PCB should-cost report
B2: 360 DEGREE CAMERA PCB
B3: Volume, one-time costs & notes
B4: Build: China · Volume: 250,000 boards/yr · Basis: delivered UK, duty paid · Prepared: 06 Oct 2026 · Currency: GBP (£) · Automotive camera board
B7: Volume curve | H7: delivered cost per board at each annual volume
B8: Boards / year | C8: China (costed) | D8: United Kingdom (onshore reference)
B9: 100 | C9: 99.04 | D9: 155.44
B10: 250 | C10: 68.47 | D10: 109.76
B11: 500 | C11: 49.64 | D11: 79.68
B12: 1000 | C12: 36.76 | D12: 55.71
B13: 2500 | C13: 28.89 | D13: 42.23
B14: 5000 | C14: 23.37 | D14: 35.41
B15: 10000 | C15: 19.76 | D15: 30.84
B16: 25000 | C16: 18.25 | D16: 29
B17: 100000 | C17: 17 | D17: 27.42
B18: 250000 | C18: 15.26 | D18: 25.11
B19: Highlighted: this analysis (250,000 boards a year).
B26: One-time automotive NRE | H26: not in the unit cost
B27: Item | F27: One-time £ | J27: Per board, year 1 (£)
B28: PPAP | F28: 2600 | J28: =IF('Cost Breakdown'!$D$25=0,0,F28/'Cost Breakdown'!$D$25) -> 0.0104
B29: FMEA | F29: 4400 | J29: =IF('Cost Breakdown'!$D$25=0,0,F29/'Cost Breakdown'!$D$25) -> 0.0176
B30: DV / PV (DVP&R) | F30: 7000 | J30: =IF('Cost Breakdown'!$D$25=0,0,F30/'Cost Breakdown'!$D$25) -> 0.028
B31: ASIL audit | F31: 2200 | J31: =IF('Cost Breakdown'!$D$25=0,0,F31/'Cost Breakdown'!$D$25) -> 0.0088
B32: Total NRE | F32: =SUM(F28:F31) -> 16200 | J32: =SUM(J28:J31) -> 0.0648
B34: Functional safety (ISO 26262)
B35: • Costed as ASIL-B; quality grade auto grade 2.
B36: • An ASIL comes from the hazard analysis (HARA), not from a photograph — confirm it against the safety concept.
B38: Analysis checks
B39: • BOM taken from your BOM image (transcribed by the AI reader; prices come from the catalogue and rate tables, never from the reader): 11 lines, 80 SMT placements. The photos were used for the board build and to fill gaps, not to write the BOM.
B41: Limitations stated by the AI photo reader
B42: • The image sensor model is unknown.
B44: Method & sources
B45: • Every price is deterministic arithmetic in the CostVision engine; the AI only reads the photos and classifies — it never sets a price.
B46: • Component prices: the dated offline catalogue (distributor listings and labelled engineering estimates) or, where a part is not catalogued, the tool's own range for that kind of part; breaks follow the parts bought (qty per board × boards).
B47: • Fabrication, assembly, test, energy, packaging, cost of quality, freight and duty: country rate tables for China and each compared country (2026 rates).
B48: • Totals, percentages and deltas in this workbook are live formulas over the analysis figures.
B49: • What the unit cost excludes (one-time NRE, Tier-1 margin, module housing) is listed on the Summary tab.
